{
  "conteudoNotas": [
    {
      "id": 1,
      "nomeDaNota": "nota01",
      "intervenienteDaNota": "ze",
      "escopoDaNota": "escopo01",
      "vencimentoDaNota": "01/01/2001",
      "descricaoDaNota": "nota01teste"
    },
    {
      "nomeDaNota": "lklklk",
      "intervenienteDaNota": "dd",
      "escopoDaNota": "",
      "vencimentoDaNota": "",
      "descricaoDaNota": "",
      "id": 2
    },
    {
      "nomeDaNota": "gfgf",
      "intervenienteDaNota": "gfgf",
      "escopoDaNota": "gfgf",
      "vencimentoDaNota": "2022-08-09",
      "descricaoDaNota": "gfgf",
      "id": 3
    },
    {
      "nomeDaNota": "gfgfgf",
      "intervenienteDaNota": "gfgf",
      "escopoDaNota": "gfgf",
      "vencimentoDaNota": "2022-08-10",
      "descricaoDaNota": "gfgfgf",
      "id": 4
    },
    {
      "nomeDaNota": "nova nota",
      "intervenienteDaNota": "teste ",
      "escopoDaNota": "teste",
      "vencimentoDaNota": "2022-08-26",
      "descricaoDaNota": "teste final",
      "id": 5
    }
  ]
}